<Backups xmlns="http://www.microsoft.com/GroupPolicy/GPOOperations/Manifest" xmlns:mfst="http://www.microsoft.com/GroupPolicy/GPOOperations/Manifest" mfst:version="1.0"><BackupInst><GPOGuid><![CDATA[{2A28D15C-382B-4FD9-9B66-D23CDC85DA9B}]]></GPOGuid><GPODomain><![CDATA[expoeps.onmicrosoft.com]]></GPODomain><GPODomainGuid><![CDATA[{711884ca-e39f-4d9c-984a-e8e755a8bc38}]]></GPODomainGuid><GPODomainController><![CDATA[WZEI66XIE4O8EBZ.expoeps.onmicrosoft.com]]></GPODomainController><BackupTime><![CDATA[2021-03-11T17:46:37]]></BackupTime><ID><![CDATA[{C1FCE27A-ECF8-486E-A29B-F376D7E0CB8A}]]></ID><Comment><![CDATA[WVD - FSLogix AppMasking]]></Comment><GPODisplayName><![CDATA[WVD - FSLogix AppMasking]]></GPODisplayName></BackupInst></Backups>