<Backups xmlns="http://www.microsoft.com/GroupPolicy/GPOOperations/Manifest" xmlns:mfst="http://www.microsoft.com/GroupPolicy/GPOOperations/Manifest" mfst:version="1.0"><BackupInst><GPOGuid><![CDATA[{2D51AB58-6F8E-4ADB-BB31-E5FE9A3701A6}]]></GPOGuid><GPODomain><![CDATA[expoeps.onmicrosoft.com]]></GPODomain><GPODomainGuid><![CDATA[{711884ca-e39f-4d9c-984a-e8e755a8bc38}]]></GPODomainGuid><GPODomainController><![CDATA[WZEI66XIE4O8EBZ.expoeps.onmicrosoft.com]]></GPODomainController><BackupTime><![CDATA[2021-03-07T15:28:25]]></BackupTime><ID><![CDATA[{53FD5FC4-35AB-4C7B-AC6D-83BFF0278D78}]]></ID><Comment><![CDATA[WVD - FSLogix Profile Containers]]></Comment><GPODisplayName><![CDATA[WVD - FSLogix Profile Containers]]></GPODisplayName></BackupInst></Backups>