<BackupInst xmlns="http://www.microsoft.com/GroupPolicy/GPOOperations/Manifest"><GPOGuid><![CDATA[{160BD7F6-8A62-4303-8510-869DDBDDBD93}]]></GPOGuid><GPODomain><![CDATA[wvd.internal]]></GPODomain><GPODomainGuid><![CDATA[{675e46f4-414c-49b1-a11a-7347b0040a96}]]></GPODomainGuid><GPODomainController><![CDATA[vm-dc-01.wvd.internal]]></GPODomainController><BackupTime><![CDATA[2021-05-14T15:33:40]]></BackupTime><ID><![CDATA[{1F9E88A3-F413-4561-B7EA-FE366012DD46}]]></ID><Comment><![CDATA[WVD - Windows Update for Business]]></Comment><GPODisplayName><![CDATA[WVD - Windows Update for Business]]></GPODisplayName></BackupInst>
