<?xml version="1.0" encoding="utf-8"?><!-- Copyright (c) Microsoft Corporation.  All rights reserved. --><GroupPolicyBackupScheme bkp:version="2.0" bkp:type="GroupPolicyBackupTemplate" xmlns:bkp="http://www.microsoft.com/GroupPolicy/GPOOperations" xmlns="http://www.microsoft.com/GroupPolicy/GPOOperations">
    <GroupPolicyObject><SecurityGroups><Group bkp:Source="FromDACL"><Sid><![CDATA[S-1-5-21-1845797771-3522267529-3438947823-519]]></Sid><SamAccountName><![CDATA[Enterprise Admins]]></SamAccountName><Type><![CDATA[UniversalGroup]]></Type><NetBIOSDomainName><![CDATA[EXPOEPS]]></NetBIOSDomainName><DnsDomainName><![CDATA[expoeps.onmicrosoft.com]]></DnsDomainName><UPN><![CDATA[Enterprise Admins@expoeps.onmicrosoft.com]]></UPN></Group><Group bkp:Source="FromDACL"><Sid><![CDATA[S-1-5-21-1845797771-3522267529-3438947823-512]]></Sid><SamAccountName><![CDATA[Domain Admins]]></SamAccountName><Type><![CDATA[GlobalGroup]]></Type><NetBIOSDomainName><![CDATA[EXPOEPS]]></NetBIOSDomainName><DnsDomainName><![CDATA[expoeps.onmicrosoft.com]]></DnsDomainName><UPN><![CDATA[Domain Admins@expoeps.onmicrosoft.com]]></UPN></Group><Group bkp:Source="FromDACL"><Sid><![CDATA[S-1-5-21-1845797771-3522267529-3438947823-1104]]></Sid><SamAccountName><![CDATA[AAD DC Administrators]]></SamAccountName><Type><![CDATA[GlobalGroup]]></Type><NetBIOSDomainName><![CDATA[EXPOEPS]]></NetBIOSDomainName><DnsDomainName><![CDATA[expoeps.onmicrosoft.com]]></DnsDomainName><UPN><![CDATA[AAD DC Administrators@expoeps.onmicrosoft.com]]></UPN></Group><Group bkp:Source="FromDACL"><Sid><![CDATA[S-1-5-21-1845797771-3522267529-3438947823-1124]]></Sid><SamAccountName><![CDATA[Luke.Murray]]></SamAccountName><Type><![CDATA[User]]></Type><NetBIOSDomainName><![CDATA[EXPOEPS]]></NetBIOSDomainName><DnsDomainName><![CDATA[expoeps.onmicrosoft.com]]></DnsDomainName><UPN><![CDATA[Luke.Murray@expoeps.onmicrosoft.com]]></UPN></Group></SecurityGroups><FilePaths/><GroupPolicyCoreSettings><ID><![CDATA[{4CD1C5C8-9AD3-4D0F-A8D0-FDA6E288825B}]]></ID><Domain><![CDATA[expoeps.onmicrosoft.com]]></Domain><SecurityDescriptor>01 00 04 9c 00 00 00 00 00 00 00 00 00 00 00 00 14 00 00 00 04 00 10 01 09 00 00 00 05 02 28 00 00 01 00 00 01 00 00 00 8f fd ac ed b3 ff d1 11 b4 1d 00 a0 c9 68 f9 39 01 01 00 00 00 00 00 05 0b 00 00 00 00 00 24 00 ff 00 0f 00 01 05 00 00 00 00 00 05 15 00 00 00 8b a3 04 6e 89 89 f1 d1 ef 2d fa cc 64 04 00 00 00 02 24 00 ff 00 0f 00 01 05 00 00 00 00 00 05 15 00 00 00 8b a3 04 6e 89 89 f1 d1 ef 2d fa cc 00 02 00 00 00 02 24 00 ff 00 0f 00 01 05 00 00 00 00 00 05 15 00 00 00 8b a3 04 6e 89 89 f1 d1 ef 2d fa cc 07 02 00 00 00 03 24 00 ff 01 0f 00 01 05 00 00 00 00 00 05 15 00 00 00 8b a3 04 6e 89 89 f1 d1 ef 2d fa cc 50 04 00 00 00 02 14 00 94 00 02 00 01 01 00 00 00 00 00 05 09 00 00 00 00 02 14 00 94 00 02 00 01 01 00 00 00 00 00 05 0b 00 00 00 00 02 14 00 ff 00 0f 00 01 01 00 00 00 00 00 05 12 00 00 00 00 0a 14 00 ff 00 0f 00 01 01 00 00 00 00 00 03 00 00 00 00</SecurityDescriptor><DisplayName><![CDATA[WVD - OS Optimization Tool]]></DisplayName><Options><![CDATA[0]]></Options><UserVersionNumber><![CDATA[65537]]></UserVersionNumber><MachineVersionNumber><![CDATA[65537]]></MachineVersionNumber><MachineExtensionGuids><![CDATA[[{42B5FAAE-6536-11D2-AE5A-0000F87571E3}{40B6664F-4972-11D1-A7CA-0000F87571E3}]]]></MachineExtensionGuids><UserExtensionGuids/><WMIFilter/></GroupPolicyCoreSettings> 
        <GroupPolicyExtension bkp:ID="{35378EAC-683F-11D2-A89A-00C04FBBCFA2}" bkp:DescName="Registry">
            
            
            <FSObjectFile bkp:Path="%GPO_FSPATH%\Adm\*.*" bkp:SourceExpandedPath="\\WZEI66XIE4O8EBZ.expoeps.onmicrosoft.com\sysvol\expoeps.onmicrosoft.com\Policies\{4CD1C5C8-9AD3-4D0F-A8D0-FDA6E288825B}\Adm\*.*"/>
        </GroupPolicyExtension>
        
        
        <GroupPolicyExtension bkp:ID="{42B5FAAE-6536-11d2-AE5A-0000F87571E3}" bkp:DescName="Scripts">
            <FSObjectFile bkp:Path="%GPO_MACH_FSPATH%\Scripts\scripts.ini" bkp:SourceExpandedPath="\\WZEI66XIE4O8EBZ.expoeps.onmicrosoft.com\sysvol\expoeps.onmicrosoft.com\Policies\{4CD1C5C8-9AD3-4D0F-A8D0-FDA6E288825B}\Machine\Scripts\scripts.ini" bkp:ReEvaluateFunction="ScriptsValidatePaths" bkp:Location="DomainSysvol\GPO\Machine\Scripts\scripts.ini"/>
	    <FSObjectFile bkp:Path="%GPO_MACH_FSPATH%\Scripts\PSscripts.ini" bkp:SourceExpandedPath="\\WZEI66XIE4O8EBZ.expoeps.onmicrosoft.com\sysvol\expoeps.onmicrosoft.com\Policies\{4CD1C5C8-9AD3-4D0F-A8D0-FDA6E288825B}\Machine\Scripts\PSscripts.ini" bkp:Location="DomainSysvol\GPO\Machine\Scripts\PSscripts.ini"/>
            <FSObjectDir bkp:Path="%GPO_MACH_FSPATH%\Scripts\Startup\*" bkp:SourceExpandedPath="\\WZEI66XIE4O8EBZ.expoeps.onmicrosoft.com\sysvol\expoeps.onmicrosoft.com\Policies\{4CD1C5C8-9AD3-4D0F-A8D0-FDA6E288825B}\Machine\Scripts\Startup\*"><FSObjectDir bkp:Path="%GPO_MACH_FSPATH%\Scripts\Startup" bkp:SourceExpandedPath="\\WZEI66XIE4O8EBZ.expoeps.onmicrosoft.com\sysvol\expoeps.onmicrosoft.com\Policies\{4CD1C5C8-9AD3-4D0F-A8D0-FDA6E288825B}\Machine\Scripts\Startup" bkp:Location="DomainSysvol\GPO\Machine\Scripts\Startup"/></FSObjectDir>
            <FSObjectFile bkp:Path="%GPO_MACH_FSPATH%\Scripts\Startup\*" bkp:SourceExpandedPath="\\WZEI66XIE4O8EBZ.expoeps.onmicrosoft.com\sysvol\expoeps.onmicrosoft.com\Policies\{4CD1C5C8-9AD3-4D0F-A8D0-FDA6E288825B}\Machine\Scripts\Startup\*"><FSObjectFile bkp:Path="%GPO_MACH_FSPATH%\Scripts\Startup\Optimize.ps1" bkp:SourceExpandedPath="\\WZEI66XIE4O8EBZ.expoeps.onmicrosoft.com\sysvol\expoeps.onmicrosoft.com\Policies\{4CD1C5C8-9AD3-4D0F-A8D0-FDA6E288825B}\Machine\Scripts\Startup\Optimize.ps1" bkp:Location="DomainSysvol\GPO\Machine\Scripts\Startup\Optimize.ps1"/></FSObjectFile>
            <FSObjectDir bkp:Path="%GPO_MACH_FSPATH%\Scripts\Shutdown\*" bkp:SourceExpandedPath="\\WZEI66XIE4O8EBZ.expoeps.onmicrosoft.com\sysvol\expoeps.onmicrosoft.com\Policies\{4CD1C5C8-9AD3-4D0F-A8D0-FDA6E288825B}\Machine\Scripts\Shutdown\*"><FSObjectDir bkp:Path="%GPO_MACH_FSPATH%\Scripts\Shutdown" bkp:SourceExpandedPath="\\WZEI66XIE4O8EBZ.expoeps.onmicrosoft.com\sysvol\expoeps.onmicrosoft.com\Policies\{4CD1C5C8-9AD3-4D0F-A8D0-FDA6E288825B}\Machine\Scripts\Shutdown" bkp:Location="DomainSysvol\GPO\Machine\Scripts\Shutdown"/></FSObjectDir>
            <FSObjectFile bkp:Path="%GPO_MACH_FSPATH%\Scripts\Shutdown\*" bkp:SourceExpandedPath="\\WZEI66XIE4O8EBZ.expoeps.onmicrosoft.com\sysvol\expoeps.onmicrosoft.com\Policies\{4CD1C5C8-9AD3-4D0F-A8D0-FDA6E288825B}\Machine\Scripts\Shutdown\*"/>
            
	    
            <FSObjectDir bkp:Path="%GPO_USER_FSPATH%\Scripts\Logon\*" bkp:SourceExpandedPath="\\WZEI66XIE4O8EBZ.expoeps.onmicrosoft.com\sysvol\expoeps.onmicrosoft.com\Policies\{4CD1C5C8-9AD3-4D0F-A8D0-FDA6E288825B}\User\Scripts\Logon\*"/>
            <FSObjectFile bkp:Path="%GPO_USER_FSPATH%\Scripts\Logon\*" bkp:SourceExpandedPath="\\WZEI66XIE4O8EBZ.expoeps.onmicrosoft.com\sysvol\expoeps.onmicrosoft.com\Policies\{4CD1C5C8-9AD3-4D0F-A8D0-FDA6E288825B}\User\Scripts\Logon\*"/>
            <FSObjectDir bkp:Path="%GPO_USER_FSPATH%\Scripts\Logoff\*" bkp:SourceExpandedPath="\\WZEI66XIE4O8EBZ.expoeps.onmicrosoft.com\sysvol\expoeps.onmicrosoft.com\Policies\{4CD1C5C8-9AD3-4D0F-A8D0-FDA6E288825B}\User\Scripts\Logoff\*"/>
            <FSObjectFile bkp:Path="%GPO_USER_FSPATH%\Scripts\Logoff\*" bkp:SourceExpandedPath="\\WZEI66XIE4O8EBZ.expoeps.onmicrosoft.com\sysvol\expoeps.onmicrosoft.com\Policies\{4CD1C5C8-9AD3-4D0F-A8D0-FDA6E288825B}\User\Scripts\Logoff\*"/>
        </GroupPolicyExtension>
        
        
        
        
        
        
    <GroupPolicyExtension bkp:ID="{F15C46CD-82A0-4C2D-A210-5D0D3182A418}" bkp:DescName="Unknown Extension"><FSObjectDir bkp:Path="%GPO_MACH_FSPATH%\Scripts" bkp:SourceExpandedPath="\\WZEI66XIE4O8EBZ.expoeps.onmicrosoft.com\sysvol\expoeps.onmicrosoft.com\Policies\{4CD1C5C8-9AD3-4D0F-A8D0-FDA6E288825B}\Machine\Scripts" bkp:Location="DomainSysvol\GPO\Machine\Scripts"/></GroupPolicyExtension></GroupPolicyObject>
</GroupPolicyBackupScheme>