<BackupInst xmlns="http://www.microsoft.com/GroupPolicy/GPOOperations/Manifest"><GPOGuid><![CDATA[{B1CD9D72-6327-4F17-AEFC-744B1AF8ABA9}]]></GPOGuid><GPODomain><![CDATA[expoeps.onmicrosoft.com]]></GPODomain><GPODomainGuid><![CDATA[{711884ca-e39f-4d9c-984a-e8e755a8bc38}]]></GPODomainGuid><GPODomainController><![CDATA[WZEI66XIE4O8EBZ.expoeps.onmicrosoft.com]]></GPODomainController><BackupTime><![CDATA[2021-03-11T13:59:00]]></BackupTime><ID><![CDATA[{BB93DF28-F69D-4FDC-848F-62FB450EDC6D}]]></ID><Comment><![CDATA[WVD - RDP Shortpath]]></Comment><GPODisplayName><![CDATA[WVD - RDP Shortpath]]></GPODisplayName></BackupInst>
