<Backups xmlns="http://www.microsoft.com/GroupPolicy/GPOOperations/Manifest" xmlns:mfst="http://www.microsoft.com/GroupPolicy/GPOOperations/Manifest" mfst:version="1.0"><BackupInst><GPOGuid><![CDATA[{5C66C978-184D-4573-B36E-BE842EC2AFBE}]]></GPOGuid><GPODomain><![CDATA[wvd.internal]]></GPODomain><GPODomainGuid><![CDATA[{675e46f4-414c-49b1-a11a-7347b0040a96}]]></GPODomainGuid><GPODomainController><![CDATA[vm-dc-01.wvd.internal]]></GPODomainController><BackupTime><![CDATA[2021-05-14T16:11:56]]></BackupTime><ID><![CDATA[{3165CF81-DAC2-4278-A750-341F3C72E011}]]></ID><Comment><![CDATA[WVD - Microsoft Defender for Endpoint]]></Comment><GPODisplayName><![CDATA[WVD - Microsoft Defender for Endpoint]]></GPODisplayName></BackupInst></Backups>