<?xml version="1.0" encoding="utf-8"?>
<RegistrySettings clsid="{A3CCFC41-DFDB-43a5-8D26-0FE8B954DA51}"><Registry clsid="{9CD4B2F4-923D-47f5-A062-E897DD1DAD50}" name="BootedRTM" status="BootedRTM" image="12" changed="2019-10-23 08:24:24" uid="{7DA5EDA0-F532-4596-A77F-691DD4F094E3}"><Properties action="U" displayDecimal="0" default="0" hive="HKEY_CURRENT_USER" key="SOFTWARE\Microsoft\Office\16.0\FirstRun" name="BootedRTM" type="REG_DWORD" value="00000001"/></Registry>
	<Registry clsid="{9CD4B2F4-923D-47f5-A062-E897DD1DAD50}" name="DisableBootToOfficeStart" status="DisableBootToOfficeStart" image="12" changed="2019-10-23 08:24:35" uid="{3652ECC3-1B77-4C6B-9D55-DDB6898AA436}"><Properties action="U" displayDecimal="0" default="0" hive="HKEY_CURRENT_USER" key="SOFTWARE\Microsoft\Office\16.0\Common\General" name="DisableBootToOfficeStart" type="REG_DWORD" value="00000001"/></Registry>
	<Registry clsid="{9CD4B2F4-923D-47f5-A062-E897DD1DAD50}" name="DisableMovie" status="DisableMovie" image="12" changed="2019-10-23 08:24:40" uid="{38A8E5CF-9D91-4CA9-BE4D-D12087DC3BAD}"><Properties action="U" displayDecimal="0" default="0" hive="HKEY_CURRENT_USER" key="SOFTWARE\Microsoft\Office\16.0\FirstRun" name="DisableMovie" type="REG_DWORD" value="00000001"/></Registry>
	<Registry clsid="{9CD4B2F4-923D-47f5-A062-E897DD1DAD50}" name="FirstRun" status="FirstRun" image="12" changed="2019-10-23 08:24:48" uid="{2343C8FE-AC41-44EF-858D-4AC17459C797}"><Properties action="U" displayDecimal="0" default="0" hive="HKEY_CURRENT_USER" key="SOFTWARE\Microsoft\Office\16.0\Common\General" name="FirstRun" type="REG_DWORD" value="00000000"/></Registry>
	<Registry clsid="{9CD4B2F4-923D-47f5-A062-E897DD1DAD50}" name="PTWOptIn" status="PTWOptIn" image="12" changed="2019-10-23 08:25:50" uid="{FE5E4110-812D-4587-BC04-D76A866E938C}"><Properties action="U" displayDecimal="0" default="0" hive="HKEY_CURRENT_USER" key="SOFTWARE\Microsoft\Office\16.0\Common\PTWatson" name="PTWOptIn" type="REG_DWORD" value="00000000"/></Registry>
	<Registry clsid="{9CD4B2F4-923D-47f5-A062-E897DD1DAD50}" name="QMEnable" status="QMEnable" image="12" changed="2019-10-23 08:25:54" uid="{84D8DD83-FF7B-4DBE-A7BF-84106040ADD6}" bypassErrors="1"><Properties action="U" displayDecimal="0" default="0" hive="HKEY_CURRENT_USER" key="SOFTWARE\Microsoft\Office\16.0\Common" name="QMEnable" type="REG_DWORD" value="00000000"/></Registry>
	<Registry clsid="{9CD4B2F4-923D-47f5-A062-E897DD1DAD50}" name="ShownFileFmtPrompt" status="ShownFileFmtPrompt" image="12" changed="2019-10-23 08:25:56" uid="{4849CF78-5156-4CF5-854F-C95A1BBC7A26}"><Properties action="U" displayDecimal="0" default="0" hive="HKEY_CURRENT_USER" key="SOFTWARE\Microsoft\Office\16.0\Common\General" name="ShownFileFmtPrompt" type="REG_DWORD" value="00000001"/></Registry>
	<Registry clsid="{9CD4B2F4-923D-47f5-A062-E897DD1DAD50}" name="ShownFirstRunOptin" status="ShownFirstRunOptin" image="12" changed="2019-10-23 08:25:59" uid="{3323D30E-A5B0-4167-8E3D-A76F4EF6A01E}"><Properties action="U" displayDecimal="0" default="0" hive="HKEY_CURRENT_USER" key="SOFTWARE\Microsoft\Office\16.0\Common\General" name="ShownFirstRunOptin" type="REG_DWORD" value="00000001"/></Registry>
</RegistrySettings>
