<Backups xmlns="http://www.microsoft.com/GroupPolicy/GPOOperations/Manifest" xmlns:mfst="http://www.microsoft.com/GroupPolicy/GPOOperations/Manifest" mfst:version="1.0"><BackupInst><GPOGuid><![CDATA[{DE865AAB-C1C2-4656-9E34-409F077B6F32}]]></GPOGuid><GPODomain><![CDATA[expoeps.onmicrosoft.com]]></GPODomain><GPODomainGuid><![CDATA[{711884ca-e39f-4d9c-984a-e8e755a8bc38}]]></GPODomainGuid><GPODomainController><![CDATA[WZEI66XIE4O8EBZ.expoeps.onmicrosoft.com]]></GPODomainController><BackupTime><![CDATA[2021-03-07T14:14:41]]></BackupTime><ID><![CDATA[{7CBF9D41-D60F-4857-B8A4-3C97063279A2}]]></ID><Comment><![CDATA[WVD - Microsoft 365 Apps for Enterprise]]></Comment><GPODisplayName><![CDATA[WVD - Microsoft 365 Apps for Enterprise]]></GPODisplayName></BackupInst></Backups>