<BackupInst xmlns="http://www.microsoft.com/GroupPolicy/GPOOperations/Manifest"><GPOGuid><![CDATA[{5C66C978-184D-4573-B36E-BE842EC2AFBE}]]></GPOGuid><GPODomain><![CDATA[wvd.internal]]></GPODomain><GPODomainGuid><![CDATA[{675e46f4-414c-49b1-a11a-7347b0040a96}]]></GPODomainGuid><GPODomainController><![CDATA[vm-dc-01.wvd.internal]]></GPODomainController><BackupTime><![CDATA[2021-05-14T14:24:44]]></BackupTime><ID><![CDATA[{F328F47A-AD87-4DDB-911D-EC7BEF3C1480}]]></ID><Comment><![CDATA[WVD - Microsoft Defender for Endpoint]]></Comment><GPODisplayName><![CDATA[WVD - Microsoft Defender for Endpoint]]></GPODisplayName></BackupInst>
