<Backups xmlns="http://www.microsoft.com/GroupPolicy/GPOOperations/Manifest" xmlns:mfst="http://www.microsoft.com/GroupPolicy/GPOOperations/Manifest" mfst:version="1.0"><BackupInst><GPOGuid><![CDATA[{6F536A4D-3582-47D9-A458-26BFD3F4BB67}]]></GPOGuid><GPODomain><![CDATA[expoeps.onmicrosoft.com]]></GPODomain><GPODomainGuid><![CDATA[{711884ca-e39f-4d9c-984a-e8e755a8bc38}]]></GPODomainGuid><GPODomainController><![CDATA[WZEI66XIE4O8EBZ.expoeps.onmicrosoft.com]]></GPODomainController><BackupTime><![CDATA[2021-03-07T14:15:31]]></BackupTime><ID><![CDATA[{70064C01-6B46-43C8-8715-5CDCDE2C2FF6}]]></ID><Comment><![CDATA[WVD - Region & Language]]></Comment><GPODisplayName><![CDATA[WVD - Region & Language]]></GPODisplayName></BackupInst></Backups>