<?xml version="1.0" encoding="utf-8"?><!-- Copyright (c) Microsoft Corporation.  All rights reserved. --><GroupPolicyBackupScheme bkp:version="2.0" bkp:type="GroupPolicyBackupTemplate" xmlns:bkp="http://www.microsoft.com/GroupPolicy/GPOOperations" xmlns="http://www.microsoft.com/GroupPolicy/GPOOperations">
    <GroupPolicyObject><SecurityGroups><Group bkp:Source="FromDACL"><Sid><![CDATA[S-1-5-21-1845797771-3522267529-3438947823-519]]></Sid><SamAccountName><![CDATA[Enterprise Admins]]></SamAccountName><Type><![CDATA[UniversalGroup]]></Type><NetBIOSDomainName><![CDATA[EXPOEPS]]></NetBIOSDomainName><DnsDomainName><![CDATA[expoeps.onmicrosoft.com]]></DnsDomainName><UPN><![CDATA[Enterprise Admins@expoeps.onmicrosoft.com]]></UPN></Group><Group bkp:Source="FromDACL"><Sid><![CDATA[S-1-5-21-1845797771-3522267529-3438947823-512]]></Sid><SamAccountName><![CDATA[Domain Admins]]></SamAccountName><Type><![CDATA[GlobalGroup]]></Type><NetBIOSDomainName><![CDATA[EXPOEPS]]></NetBIOSDomainName><DnsDomainName><![CDATA[expoeps.onmicrosoft.com]]></DnsDomainName><UPN><![CDATA[Domain Admins@expoeps.onmicrosoft.com]]></UPN></Group><Group bkp:Source="FromDACL"><Sid><![CDATA[S-1-5-21-1845797771-3522267529-3438947823-1104]]></Sid><SamAccountName><![CDATA[AAD DC Administrators]]></SamAccountName><Type><![CDATA[GlobalGroup]]></Type><NetBIOSDomainName><![CDATA[EXPOEPS]]></NetBIOSDomainName><DnsDomainName><![CDATA[expoeps.onmicrosoft.com]]></DnsDomainName><UPN><![CDATA[AAD DC Administrators@expoeps.onmicrosoft.com]]></UPN></Group><Group bkp:Source="FromDACL"><Sid><![CDATA[S-1-5-21-1845797771-3522267529-3438947823-1124]]></Sid><SamAccountName><![CDATA[Luke.Murray]]></SamAccountName><Type><![CDATA[User]]></Type><NetBIOSDomainName><![CDATA[EXPOEPS]]></NetBIOSDomainName><DnsDomainName><![CDATA[expoeps.onmicrosoft.com]]></DnsDomainName><UPN><![CDATA[Luke.Murray@expoeps.onmicrosoft.com]]></UPN></Group></SecurityGroups><FilePaths/><GroupPolicyCoreSettings><ID><![CDATA[{2A28D15C-382B-4FD9-9B66-D23CDC85DA9B}]]></ID><Domain><![CDATA[expoeps.onmicrosoft.com]]></Domain><SecurityDescriptor>01 00 04 9c 00 00 00 00 00 00 00 00 00 00 00 00 14 00 00 00 04 00 10 01 09 00 00 00 05 02 28 00 00 01 00 00 01 00 00 00 8f fd ac ed b3 ff d1 11 b4 1d 00 a0 c9 68 f9 39 01 01 00 00 00 00 00 05 0b 00 00 00 00 00 24 00 ff 00 0f 00 01 05 00 00 00 00 00 05 15 00 00 00 8b a3 04 6e 89 89 f1 d1 ef 2d fa cc 64 04 00 00 00 02 24 00 ff 00 0f 00 01 05 00 00 00 00 00 05 15 00 00 00 8b a3 04 6e 89 89 f1 d1 ef 2d fa cc 00 02 00 00 00 02 24 00 ff 00 0f 00 01 05 00 00 00 00 00 05 15 00 00 00 8b a3 04 6e 89 89 f1 d1 ef 2d fa cc 07 02 00 00 00 03 24 00 ff 01 0f 00 01 05 00 00 00 00 00 05 15 00 00 00 8b a3 04 6e 89 89 f1 d1 ef 2d fa cc 50 04 00 00 00 02 14 00 94 00 02 00 01 01 00 00 00 00 00 05 09 00 00 00 00 02 14 00 94 00 02 00 01 01 00 00 00 00 00 05 0b 00 00 00 00 02 14 00 ff 00 0f 00 01 01 00 00 00 00 00 05 12 00 00 00 00 0a 14 00 ff 00 0f 00 01 01 00 00 00 00 00 03 00 00 00 00</SecurityDescriptor><DisplayName><![CDATA[WVD - FSLogix AppMasking]]></DisplayName><Options><![CDATA[0]]></Options><UserVersionNumber><![CDATA[0]]></UserVersionNumber><MachineVersionNumber><![CDATA[655370]]></MachineVersionNumber><MachineExtensionGuids><![CDATA[[{00000000-0000-0000-0000-000000000000}{3BAE7E51-E3F4-41D0-853D-9BB9FD47605F}][{7150F9BF-48AD-4DA4-A49C-29EF4A8369BA}{3BAE7E51-E3F4-41D0-853D-9BB9FD47605F}]]]></MachineExtensionGuids><UserExtensionGuids/><WMIFilter/></GroupPolicyCoreSettings> 
        <GroupPolicyExtension bkp:ID="{35378EAC-683F-11D2-A89A-00C04FBBCFA2}" bkp:DescName="Registry">
            
            
            <FSObjectFile bkp:Path="%GPO_FSPATH%\Adm\*.*" bkp:SourceExpandedPath="\\WZEI66XIE4O8EBZ.expoeps.onmicrosoft.com\sysvol\expoeps.onmicrosoft.com\Policies\{2A28D15C-382B-4FD9-9B66-D23CDC85DA9B}\Adm\*.*"/>
        </GroupPolicyExtension>
        
        
        
        
        
        
        
        
        
    <GroupPolicyExtension bkp:ID="{F15C46CD-82A0-4C2D-A210-5D0D3182A418}" bkp:DescName="Unknown Extension"><FSObjectDir bkp:Path="%GPO_MACH_FSPATH%\Preferences" bkp:SourceExpandedPath="\\WZEI66XIE4O8EBZ.expoeps.onmicrosoft.com\sysvol\expoeps.onmicrosoft.com\Policies\{2A28D15C-382B-4FD9-9B66-D23CDC85DA9B}\Machine\Preferences" bkp:Location="DomainSysvol\GPO\Machine\Preferences"/><FSObjectDir bkp:Path="%GPO_MACH_FSPATH%\Preferences\Files" bkp:SourceExpandedPath="\\WZEI66XIE4O8EBZ.expoeps.onmicrosoft.com\sysvol\expoeps.onmicrosoft.com\Policies\{2A28D15C-382B-4FD9-9B66-D23CDC85DA9B}\Machine\Preferences\Files" bkp:Location="DomainSysvol\GPO\Machine\Preferences\Files"/><FSObjectFile bkp:Path="%GPO_MACH_FSPATH%\Preferences\Files\Files.xml" bkp:SourceExpandedPath="\\WZEI66XIE4O8EBZ.expoeps.onmicrosoft.com\sysvol\expoeps.onmicrosoft.com\Policies\{2A28D15C-382B-4FD9-9B66-D23CDC85DA9B}\Machine\Preferences\Files\Files.xml" bkp:Location="DomainSysvol\GPO\Machine\Preferences\Files\Files.xml"/><FSObjectDir bkp:Path="%GPO_MACH_FSPATH%\Scripts" bkp:SourceExpandedPath="\\WZEI66XIE4O8EBZ.expoeps.onmicrosoft.com\sysvol\expoeps.onmicrosoft.com\Policies\{2A28D15C-382B-4FD9-9B66-D23CDC85DA9B}\Machine\Scripts" bkp:Location="DomainSysvol\GPO\Machine\Scripts"/><FSObjectDir bkp:Path="%GPO_MACH_FSPATH%\Scripts\Shutdown" bkp:SourceExpandedPath="\\WZEI66XIE4O8EBZ.expoeps.onmicrosoft.com\sysvol\expoeps.onmicrosoft.com\Policies\{2A28D15C-382B-4FD9-9B66-D23CDC85DA9B}\Machine\Scripts\Shutdown" bkp:Location="DomainSysvol\GPO\Machine\Scripts\Shutdown"/><FSObjectDir bkp:Path="%GPO_MACH_FSPATH%\Scripts\Startup" bkp:SourceExpandedPath="\\WZEI66XIE4O8EBZ.expoeps.onmicrosoft.com\sysvol\expoeps.onmicrosoft.com\Policies\{2A28D15C-382B-4FD9-9B66-D23CDC85DA9B}\Machine\Scripts\Startup" bkp:Location="DomainSysvol\GPO\Machine\Scripts\Startup"/></GroupPolicyExtension></GroupPolicyObject>
</GroupPolicyBackupScheme>