<BackupInst xmlns="http://www.microsoft.com/GroupPolicy/GPOOperations/Manifest"><GPOGuid><![CDATA[{68482140-2A47-41CD-A1C7-4CB19DA1C117}]]></GPOGuid><GPODomain><![CDATA[expoeps.onmicrosoft.com]]></GPODomain><GPODomainGuid><![CDATA[{711884ca-e39f-4d9c-984a-e8e755a8bc38}]]></GPODomainGuid><GPODomainController><![CDATA[WZEI66XIE4O8EBZ.expoeps.onmicrosoft.com]]></GPODomainController><BackupTime><![CDATA[2021-03-08T16:55:03]]></BackupTime><ID><![CDATA[{E894A54D-966F-4C9D-9181-8C598CE33140}]]></ID><Comment><![CDATA[WVD - Computer Settings]]></Comment><GPODisplayName><![CDATA[WVD - Computer Settings]]></GPODisplayName></BackupInst>
