<?xml version="1.0" encoding="utf-8"?><!-- Copyright (c) Microsoft Corporation.  All rights reserved. --><GroupPolicyBackupScheme bkp:version="2.0" bkp:type="GroupPolicyBackupTemplate" xmlns:bkp="http://www.microsoft.com/GroupPolicy/GPOOperations" xmlns="http://www.microsoft.com/GroupPolicy/GPOOperations">
    <GroupPolicyObject><SecurityGroups><Group bkp:Source="FromDACL"><Sid><![CDATA[S-1-5-21-1845797771-3522267529-3438947823-519]]></Sid><SamAccountName><![CDATA[Enterprise Admins]]></SamAccountName><Type><![CDATA[UniversalGroup]]></Type><NetBIOSDomainName><![CDATA[EXPOEPS]]></NetBIOSDomainName><DnsDomainName><![CDATA[expoeps.onmicrosoft.com]]></DnsDomainName><UPN><![CDATA[Enterprise Admins@expoeps.onmicrosoft.com]]></UPN></Group><Group bkp:Source="FromDACL"><Sid><![CDATA[S-1-5-21-1845797771-3522267529-3438947823-512]]></Sid><SamAccountName><![CDATA[Domain Admins]]></SamAccountName><Type><![CDATA[GlobalGroup]]></Type><NetBIOSDomainName><![CDATA[EXPOEPS]]></NetBIOSDomainName><DnsDomainName><![CDATA[expoeps.onmicrosoft.com]]></DnsDomainName><UPN><![CDATA[Domain Admins@expoeps.onmicrosoft.com]]></UPN></Group><Group bkp:Source="FromDACL"><Sid><![CDATA[S-1-5-21-1845797771-3522267529-3438947823-1104]]></Sid><SamAccountName><![CDATA[AAD DC Administrators]]></SamAccountName><Type><![CDATA[GlobalGroup]]></Type><NetBIOSDomainName><![CDATA[EXPOEPS]]></NetBIOSDomainName><DnsDomainName><![CDATA[expoeps.onmicrosoft.com]]></DnsDomainName><UPN><![CDATA[AAD DC Administrators@expoeps.onmicrosoft.com]]></UPN></Group><Group bkp:Source="FromDACL"><Sid><![CDATA[S-1-5-21-1845797771-3522267529-3438947823-1124]]></Sid><SamAccountName><![CDATA[Luke.Murray]]></SamAccountName><Type><![CDATA[User]]></Type><NetBIOSDomainName><![CDATA[EXPOEPS]]></NetBIOSDomainName><DnsDomainName><![CDATA[expoeps.onmicrosoft.com]]></DnsDomainName><UPN><![CDATA[Luke.Murray@expoeps.onmicrosoft.com]]></UPN></Group></SecurityGroups><FilePaths/><GroupPolicyCoreSettings><ID><![CDATA[{71C39876-3531-4A88-ADF3-55C8D0917C7D}]]></ID><Domain><![CDATA[expoeps.onmicrosoft.com]]></Domain><SecurityDescriptor>01 00 04 9c 00 00 00 00 00 00 00 00 00 00 00 00 14 00 00 00 04 00 10 01 09 00 00 00 05 02 28 00 00 01 00 00 01 00 00 00 8f fd ac ed b3 ff d1 11 b4 1d 00 a0 c9 68 f9 39 01 01 00 00 00 00 00 05 0b 00 00 00 00 00 24 00 ff 00 0f 00 01 05 00 00 00 00 00 05 15 00 00 00 8b a3 04 6e 89 89 f1 d1 ef 2d fa cc 64 04 00 00 00 02 24 00 ff 00 0f 00 01 05 00 00 00 00 00 05 15 00 00 00 8b a3 04 6e 89 89 f1 d1 ef 2d fa cc 00 02 00 00 00 02 24 00 ff 00 0f 00 01 05 00 00 00 00 00 05 15 00 00 00 8b a3 04 6e 89 89 f1 d1 ef 2d fa cc 07 02 00 00 00 03 24 00 ff 01 0f 00 01 05 00 00 00 00 00 05 15 00 00 00 8b a3 04 6e 89 89 f1 d1 ef 2d fa cc 50 04 00 00 00 02 14 00 94 00 02 00 01 01 00 00 00 00 00 05 09 00 00 00 00 02 14 00 94 00 02 00 01 01 00 00 00 00 00 05 0b 00 00 00 00 02 14 00 ff 00 0f 00 01 01 00 00 00 00 00 05 12 00 00 00 00 0a 14 00 ff 00 0f 00 01 01 00 00 00 00 00 03 00 00 00 00</SecurityDescriptor><DisplayName><![CDATA[WVD - Security Settings]]></DisplayName><Options><![CDATA[0]]></Options><UserVersionNumber><![CDATA[65537]]></UserVersionNumber><MachineVersionNumber><![CDATA[851981]]></MachineVersionNumber><MachineExtensionGuids><![CDATA[[{00000000-0000-0000-0000-000000000000}{BEE07A6A-EC9F-4659-B8C9-0B1937907C83}][{35378EAC-683F-11D2-A89A-00C04FBBCFA2}{62C1845D-C4A6-4ACB-BBB0-C895FD090385}][{827D319E-6EAC-11D2-A4EA-00C04F79F83A}{803E14A0-B4FB-11D0-A0D0-00A0C90F574B}][{B087BE9D-ED37-454F-AF9C-04291E351182}{BEE07A6A-EC9F-4659-B8C9-0B1937907C83}]]]></MachineExtensionGuids><UserExtensionGuids><![CDATA[[{00000000-0000-0000-0000-000000000000}{BEE07A6A-EC9F-4659-B8C9-0B1937907C83}][{35378EAC-683F-11D2-A89A-00C04FBBCFA2}{D02B1F73-3407-48AE-BA88-E8213C6761F1}][{B087BE9D-ED37-454F-AF9C-04291E351182}{BEE07A6A-EC9F-4659-B8C9-0B1937907C83}]]]></UserExtensionGuids><WMIFilter/></GroupPolicyCoreSettings> 
        <GroupPolicyExtension bkp:ID="{35378EAC-683F-11D2-A89A-00C04FBBCFA2}" bkp:DescName="Registry">
            <FSObjectFile bkp:Path="%GPO_MACH_FSPATH%\registry.pol" bkp:SourceExpandedPath="\\WZEI66XIE4O8EBZ.expoeps.onmicrosoft.com\sysvol\expoeps.onmicrosoft.com\Policies\{71C39876-3531-4A88-ADF3-55C8D0917C7D}\Machine\registry.pol" bkp:Location="DomainSysvol\GPO\Machine\registry.pol"/>
            <FSObjectFile bkp:Path="%GPO_USER_FSPATH%\registry.pol" bkp:SourceExpandedPath="\\WZEI66XIE4O8EBZ.expoeps.onmicrosoft.com\sysvol\expoeps.onmicrosoft.com\Policies\{71C39876-3531-4A88-ADF3-55C8D0917C7D}\User\registry.pol" bkp:Location="DomainSysvol\GPO\User\registry.pol"/>
            <FSObjectFile bkp:Path="%GPO_FSPATH%\Adm\*.*" bkp:SourceExpandedPath="\\WZEI66XIE4O8EBZ.expoeps.onmicrosoft.com\sysvol\expoeps.onmicrosoft.com\Policies\{71C39876-3531-4A88-ADF3-55C8D0917C7D}\Adm\*.*"/>
        </GroupPolicyExtension>
        
        
        
        
        <GroupPolicyExtension bkp:ID="{827D319E-6EAC-11D2-A4EA-00C04F79F83A}" bkp:DescName="Security">
            <FSObjectFile bkp:Path="%GPO_MACH_FSPATH%\microsoft\windows nt\SecEdit\GptTmpl.inf" bkp:SourceExpandedPath="\\WZEI66XIE4O8EBZ.expoeps.onmicrosoft.com\sysvol\expoeps.onmicrosoft.com\Policies\{71C39876-3531-4A88-ADF3-55C8D0917C7D}\Machine\microsoft\windows nt\SecEdit\GptTmpl.inf" bkp:ReEvaluateFunction="SecurityValidateSettings" bkp:Location="DomainSysvol\GPO\Machine\microsoft\windows nt\SecEdit\GptTmpl.inf"/>
        </GroupPolicyExtension>
        
        
        
        
    <GroupPolicyExtension bkp:ID="{F15C46CD-82A0-4C2D-A210-5D0D3182A418}" bkp:DescName="Unknown Extension"><FSObjectDir bkp:Path="%GPO_MACH_FSPATH%\microsoft" bkp:SourceExpandedPath="\\WZEI66XIE4O8EBZ.expoeps.onmicrosoft.com\sysvol\expoeps.onmicrosoft.com\Policies\{71C39876-3531-4A88-ADF3-55C8D0917C7D}\Machine\microsoft" bkp:Location="DomainSysvol\GPO\Machine\microsoft"/><FSObjectDir bkp:Path="%GPO_MACH_FSPATH%\microsoft\windows nt" bkp:SourceExpandedPath="\\WZEI66XIE4O8EBZ.expoeps.onmicrosoft.com\sysvol\expoeps.onmicrosoft.com\Policies\{71C39876-3531-4A88-ADF3-55C8D0917C7D}\Machine\microsoft\windows nt" bkp:Location="DomainSysvol\GPO\Machine\microsoft\windows nt"/><FSObjectDir bkp:Path="%GPO_MACH_FSPATH%\microsoft\windows nt\SecEdit" bkp:SourceExpandedPath="\\WZEI66XIE4O8EBZ.expoeps.onmicrosoft.com\sysvol\expoeps.onmicrosoft.com\Policies\{71C39876-3531-4A88-ADF3-55C8D0917C7D}\Machine\microsoft\windows nt\SecEdit" bkp:Location="DomainSysvol\GPO\Machine\microsoft\windows nt\SecEdit"/><FSObjectDir bkp:Path="%GPO_MACH_FSPATH%\Preferences" bkp:SourceExpandedPath="\\WZEI66XIE4O8EBZ.expoeps.onmicrosoft.com\sysvol\expoeps.onmicrosoft.com\Policies\{71C39876-3531-4A88-ADF3-55C8D0917C7D}\Machine\Preferences" bkp:Location="DomainSysvol\GPO\Machine\Preferences"/><FSObjectDir bkp:Path="%GPO_MACH_FSPATH%\Preferences\Registry" bkp:SourceExpandedPath="\\WZEI66XIE4O8EBZ.expoeps.onmicrosoft.com\sysvol\expoeps.onmicrosoft.com\Policies\{71C39876-3531-4A88-ADF3-55C8D0917C7D}\Machine\Preferences\Registry" bkp:Location="DomainSysvol\GPO\Machine\Preferences\Registry"/><FSObjectFile bkp:Path="%GPO_MACH_FSPATH%\Preferences\Registry\Registry.xml" bkp:SourceExpandedPath="\\WZEI66XIE4O8EBZ.expoeps.onmicrosoft.com\sysvol\expoeps.onmicrosoft.com\Policies\{71C39876-3531-4A88-ADF3-55C8D0917C7D}\Machine\Preferences\Registry\Registry.xml" bkp:Location="DomainSysvol\GPO\Machine\Preferences\Registry\Registry.xml"/><FSObjectDir bkp:Path="%GPO_MACH_FSPATH%\Scripts" bkp:SourceExpandedPath="\\WZEI66XIE4O8EBZ.expoeps.onmicrosoft.com\sysvol\expoeps.onmicrosoft.com\Policies\{71C39876-3531-4A88-ADF3-55C8D0917C7D}\Machine\Scripts" bkp:Location="DomainSysvol\GPO\Machine\Scripts"/><FSObjectDir bkp:Path="%GPO_MACH_FSPATH%\Scripts\Shutdown" bkp:SourceExpandedPath="\\WZEI66XIE4O8EBZ.expoeps.onmicrosoft.com\sysvol\expoeps.onmicrosoft.com\Policies\{71C39876-3531-4A88-ADF3-55C8D0917C7D}\Machine\Scripts\Shutdown" bkp:Location="DomainSysvol\GPO\Machine\Scripts\Shutdown"/><FSObjectDir bkp:Path="%GPO_MACH_FSPATH%\Scripts\Startup" bkp:SourceExpandedPath="\\WZEI66XIE4O8EBZ.expoeps.onmicrosoft.com\sysvol\expoeps.onmicrosoft.com\Policies\{71C39876-3531-4A88-ADF3-55C8D0917C7D}\Machine\Scripts\Startup" bkp:Location="DomainSysvol\GPO\Machine\Scripts\Startup"/><FSObjectDir bkp:Path="%GPO_USER_FSPATH%\Applications" bkp:SourceExpandedPath="\\WZEI66XIE4O8EBZ.expoeps.onmicrosoft.com\sysvol\expoeps.onmicrosoft.com\Policies\{71C39876-3531-4A88-ADF3-55C8D0917C7D}\User\Applications" bkp:Location="DomainSysvol\GPO\User\Applications"/><FSObjectFile bkp:Path="%GPO_USER_FSPATH%\comment.cmtx" bkp:SourceExpandedPath="\\WZEI66XIE4O8EBZ.expoeps.onmicrosoft.com\sysvol\expoeps.onmicrosoft.com\Policies\{71C39876-3531-4A88-ADF3-55C8D0917C7D}\User\comment.cmtx" bkp:Location="DomainSysvol\GPO\User\comment.cmtx"/><FSObjectDir bkp:Path="%GPO_USER_FSPATH%\Documents &amp; Settings" bkp:SourceExpandedPath="\\WZEI66XIE4O8EBZ.expoeps.onmicrosoft.com\sysvol\expoeps.onmicrosoft.com\Policies\{71C39876-3531-4A88-ADF3-55C8D0917C7D}\User\Documents &amp; Settings" bkp:Location="DomainSysvol\GPO\User\Documents &amp; Settings"/><FSObjectDir bkp:Path="%GPO_USER_FSPATH%\Preferences" bkp:SourceExpandedPath="\\WZEI66XIE4O8EBZ.expoeps.onmicrosoft.com\sysvol\expoeps.onmicrosoft.com\Policies\{71C39876-3531-4A88-ADF3-55C8D0917C7D}\User\Preferences" bkp:Location="DomainSysvol\GPO\User\Preferences"/><FSObjectDir bkp:Path="%GPO_USER_FSPATH%\Preferences\Registry" bkp:SourceExpandedPath="\\WZEI66XIE4O8EBZ.expoeps.onmicrosoft.com\sysvol\expoeps.onmicrosoft.com\Policies\{71C39876-3531-4A88-ADF3-55C8D0917C7D}\User\Preferences\Registry" bkp:Location="DomainSysvol\GPO\User\Preferences\Registry"/><FSObjectFile bkp:Path="%GPO_USER_FSPATH%\Preferences\Registry\Registry.xml" bkp:SourceExpandedPath="\\WZEI66XIE4O8EBZ.expoeps.onmicrosoft.com\sysvol\expoeps.onmicrosoft.com\Policies\{71C39876-3531-4A88-ADF3-55C8D0917C7D}\User\Preferences\Registry\Registry.xml" bkp:Location="DomainSysvol\GPO\User\Preferences\Registry\Registry.xml"/><FSObjectDir bkp:Path="%GPO_USER_FSPATH%\Scripts" bkp:SourceExpandedPath="\\WZEI66XIE4O8EBZ.expoeps.onmicrosoft.com\sysvol\expoeps.onmicrosoft.com\Policies\{71C39876-3531-4A88-ADF3-55C8D0917C7D}\User\Scripts" bkp:Location="DomainSysvol\GPO\User\Scripts"/><FSObjectDir bkp:Path="%GPO_USER_FSPATH%\Scripts\Logoff" bkp:SourceExpandedPath="\\WZEI66XIE4O8EBZ.expoeps.onmicrosoft.com\sysvol\expoeps.onmicrosoft.com\Policies\{71C39876-3531-4A88-ADF3-55C8D0917C7D}\User\Scripts\Logoff" bkp:Location="DomainSysvol\GPO\User\Scripts\Logoff"/><FSObjectDir bkp:Path="%GPO_USER_FSPATH%\Scripts\Logon" bkp:SourceExpandedPath="\\WZEI66XIE4O8EBZ.expoeps.onmicrosoft.com\sysvol\expoeps.onmicrosoft.com\Policies\{71C39876-3531-4A88-ADF3-55C8D0917C7D}\User\Scripts\Logon" bkp:Location="DomainSysvol\GPO\User\Scripts\Logon"/></GroupPolicyExtension></GroupPolicyObject>
</GroupPolicyBackupScheme>