<BackupInst xmlns="http://www.microsoft.com/GroupPolicy/GPOOperations/Manifest"><GPOGuid><![CDATA[{71C39876-3531-4A88-ADF3-55C8D0917C7D}]]></GPOGuid><GPODomain><![CDATA[expoeps.onmicrosoft.com]]></GPODomain><GPODomainGuid><![CDATA[{711884ca-e39f-4d9c-984a-e8e755a8bc38}]]></GPODomainGuid><GPODomainController><![CDATA[WZEI66XIE4O8EBZ.expoeps.onmicrosoft.com]]></GPODomainController><BackupTime><![CDATA[2021-03-07T14:15:48]]></BackupTime><ID><![CDATA[{790A0CC0-473C-4E09-A890-2CF4FFAE738D}]]></ID><Comment><![CDATA[WVD - Security Settings]]></Comment><GPODisplayName><![CDATA[WVD - Security Settings]]></GPODisplayName></BackupInst>
