<?xml version="1.0" encoding="utf-8"?>
<RegistrySettings clsid="{A3CCFC41-DFDB-43a5-8D26-0FE8B954DA51}"><Registry clsid="{9CD4B2F4-923D-47f5-A062-E897DD1DAD50}" name="PreferredUILanguages" status="PreferredUILanguages" image="7" changed="2020-11-20 15:47:05" uid="{B03089CD-B6F1-41A8-A61D-350A4F9EF386}"><Properties action="U" displayDecimal="0" default="0" hive="HKEY_CURRENT_USER" key="Control Panel\Desktop" name="PreferredUILanguages" type="REG_MULTI_SZ" value="en-GB"><Values><Value>en-GB</Value></Values></Properties></Registry>
	<Registry clsid="{9CD4B2F4-923D-47f5-A062-E897DD1DAD50}" name="PreferredUILanguagesPending" status="PreferredUILanguagesPending" image="7" changed="2020-11-20 15:47:24" uid="{417D3EE1-6F03-4651-9F35-2E203F7AADE2}"><Properties action="U" displayDecimal="0" default="0" hive="HKEY_CURRENT_USER" key="Control Panel\Desktop" name="PreferredUILanguagesPending" type="REG_MULTI_SZ" value="en-GB"><Values><Value>en-GB</Value></Values></Properties></Registry>
</RegistrySettings>
