<Backups xmlns="http://www.microsoft.com/GroupPolicy/GPOOperations/Manifest" xmlns:mfst="http://www.microsoft.com/GroupPolicy/GPOOperations/Manifest" mfst:version="1.0"><BackupInst><GPOGuid><![CDATA[{3E51F36A-3C0D-49D1-8499-04AE70C40053}]]></GPOGuid><GPODomain><![CDATA[expoeps.onmicrosoft.com]]></GPODomain><GPODomainGuid><![CDATA[{711884ca-e39f-4d9c-984a-e8e755a8bc38}]]></GPODomainGuid><GPODomainController><![CDATA[WZEI66XIE4O8EBZ.expoeps.onmicrosoft.com]]></GPODomainController><BackupTime><![CDATA[2021-03-07T14:13:52]]></BackupTime><ID><![CDATA[{4D26D7FE-4AF1-418C-982D-FE3C12B87969}]]></ID><Comment><![CDATA[WVD - Disable Hardware Acceleration]]></Comment><GPODisplayName><![CDATA[WVD - Disable Hardware Acceleration]]></GPODisplayName></BackupInst></Backups>