<Backups xmlns="http://www.microsoft.com/GroupPolicy/GPOOperations/Manifest" xmlns:mfst="http://www.microsoft.com/GroupPolicy/GPOOperations/Manifest" mfst:version="1.0"><BackupInst><GPOGuid><![CDATA[{4CD1C5C8-9AD3-4D0F-A8D0-FDA6E288825B}]]></GPOGuid><GPODomain><![CDATA[expoeps.onmicrosoft.com]]></GPODomain><GPODomainGuid><![CDATA[{711884ca-e39f-4d9c-984a-e8e755a8bc38}]]></GPODomainGuid><GPODomainController><![CDATA[WZEI66XIE4O8EBZ.expoeps.onmicrosoft.com]]></GPODomainController><BackupTime><![CDATA[2021-03-07T18:00:21]]></BackupTime><ID><![CDATA[{75E76AA1-D6EE-41D2-AA82-59B1D9E8C17F}]]></ID><Comment><![CDATA[WVD - OS Optimization Tool]]></Comment><GPODisplayName><![CDATA[WVD - OS Optimization Tool]]></GPODisplayName></BackupInst></Backups>