<BackupInst xmlns="http://www.microsoft.com/GroupPolicy/GPOOperations/Manifest"><GPOGuid><![CDATA[{5C66C978-184D-4573-B36E-BE842EC2AFBE}]]></GPOGuid><GPODomain><![CDATA[wvd.internal]]></GPODomain><GPODomainGuid><![CDATA[{675e46f4-414c-49b1-a11a-7347b0040a96}]]></GPODomainGuid><GPODomainController><![CDATA[vm-dc-01.wvd.internal]]></GPODomainController><BackupTime><![CDATA[2021-05-12T09:54:15]]></BackupTime><ID><![CDATA[{367C91FB-0401-4F52-9D7E-75E8EF3E33F6}]]></ID><Comment><![CDATA[WVD - Microsoft Defender for Endpoint]]></Comment><GPODisplayName><![CDATA[WVD - Microsoft Defender for Endpoint]]></GPODisplayName></BackupInst>
