<Backups xmlns="http://www.microsoft.com/GroupPolicy/GPOOperations/Manifest" xmlns:mfst="http://www.microsoft.com/GroupPolicy/GPOOperations/Manifest" mfst:version="1.0"><BackupInst><GPOGuid><![CDATA[{C48CD8F0-67AF-4714-B750-03BB6371F8FD}]]></GPOGuid><GPODomain><![CDATA[wvd.internal]]></GPODomain><GPODomainGuid><![CDATA[{675e46f4-414c-49b1-a11a-7347b0040a96}]]></GPODomainGuid><GPODomainController><![CDATA[vm-dc-01.wvd.internal]]></GPODomainController><BackupTime><![CDATA[2021-05-14T14:26:34]]></BackupTime><ID><![CDATA[{C433820B-BF19-45E8-BC7D-38203630282F}]]></ID><Comment><![CDATA[WVD - Security Settings]]></Comment><GPODisplayName><![CDATA[WVD - Security Settings]]></GPODisplayName></BackupInst></Backups>