<Backups xmlns="http://www.microsoft.com/GroupPolicy/GPOOperations/Manifest" xmlns:mfst="http://www.microsoft.com/GroupPolicy/GPOOperations/Manifest" mfst:version="1.0"><BackupInst><GPOGuid><![CDATA[{E1C27141-C78B-4357-9CDE-6190706F04C9}]]></GPOGuid><GPODomain><![CDATA[wvd.internal]]></GPODomain><GPODomainGuid><![CDATA[{675e46f4-414c-49b1-a11a-7347b0040a96}]]></GPODomainGuid><GPODomainController><![CDATA[vm-dc-01.wvd.internal]]></GPODomainController><BackupTime><![CDATA[2021-04-27T17:25:41]]></BackupTime><ID><![CDATA[{16D04270-2229-4089-BE42-F74402F9F931}]]></ID><Comment><![CDATA[WVD - Start Menu & Taskbar]]></Comment><GPODisplayName><![CDATA[WVD - Start Menu & Taskbar]]></GPODisplayName></BackupInst></Backups>