<BackupInst xmlns="http://www.microsoft.com/GroupPolicy/GPOOperations/Manifest"><GPOGuid><![CDATA[{88FB5C77-99BA-4FCF-B13A-28DC2F411E5F}]]></GPOGuid><GPODomain><![CDATA[wvd.internal]]></GPODomain><GPODomainGuid><![CDATA[{675e46f4-414c-49b1-a11a-7347b0040a96}]]></GPODomainGuid><GPODomainController><![CDATA[vm-dc-01.wvd.internal]]></GPODomainController><BackupTime><![CDATA[2021-04-29T13:09:07]]></BackupTime><ID><![CDATA[{5DE41AEF-165B-4CFA-B38C-08038AC83607}]]></ID><Comment><![CDATA[WVD - OS Optimization Tool]]></Comment><GPODisplayName><![CDATA[WVD - OS Optimization Tool]]></GPODisplayName></BackupInst>
