<Backups xmlns="http://www.microsoft.com/GroupPolicy/GPOOperations/Manifest" xmlns:mfst="http://www.microsoft.com/GroupPolicy/GPOOperations/Manifest" mfst:version="1.0"><BackupInst><GPOGuid><![CDATA[{98177BB1-78D3-4A3D-B80A-3C493F87D850}]]></GPOGuid><GPODomain><![CDATA[expoeps.onmicrosoft.com]]></GPODomain><GPODomainGuid><![CDATA[{711884ca-e39f-4d9c-984a-e8e755a8bc38}]]></GPODomainGuid><GPODomainController><![CDATA[WZEI66XIE4O8EBZ.expoeps.onmicrosoft.com]]></GPODomainController><BackupTime><![CDATA[2021-03-07T14:15:08]]></BackupTime><ID><![CDATA[{C7B889C0-7210-48A9-B02A-9AF0EFDD2F77}]]></ID><Comment><![CDATA[WVD - Microsoft Teams]]></Comment><GPODisplayName><![CDATA[WVD - Microsoft Teams]]></GPODisplayName></BackupInst></Backups>