<?xml version="1.0" encoding="utf-8"?>
<RegistrySettings clsid="{A3CCFC41-DFDB-43a5-8D26-0FE8B954DA51}"><Registry clsid="{9CD4B2F4-923D-47f5-A062-E897DD1DAD50}" name="HardwareAccelerationModeEnabled" status="HardwareAccelerationModeEnabled" image="12" changed="2020-11-06 11:09:00" uid="{73F71046-9930-4A67-A7F9-39590C821BA6}"><Properties action="U" displayDecimal="1" default="0" hive="HKEY_CURRENT_USER" key="Software\Policies\Google\Chrome" name="HardwareAccelerationModeEnabled" type="REG_DWORD" value="00000000"/></Registry>
	<Registry clsid="{9CD4B2F4-923D-47f5-A062-E897DD1DAD50}" name="HardwareAcceleration" status="HardwareAcceleration" image="12" changed="2020-11-06 11:11:05" uid="{CE8F209F-7943-4DD4-8D88-1F0EA8EECBF6}"><Properties action="U" displayDecimal="1" default="0" hive="HKEY_CURRENT_USER" key="SOFTWARE\Policies\Mozilla\Firefox" name="HardwareAcceleration" type="REG_DWORD" value="00000000"/></Registry>
	<Registry clsid="{9CD4B2F4-923D-47f5-A062-E897DD1DAD50}" name="HardwareAccelerationModeEnabled" status="HardwareAccelerationModeEnabled" image="12" changed="2020-10-27 14:27:08" uid="{D32EDA10-2AA2-4BB0-A150-86518D75961E}"><Properties action="U" displayDecimal="1" default="0" hive="HKEY_CURRENT_USER" key="SOFTWARE\Policies\Microsoft\Edge" name="HardwareAccelerationModeEnabled" type="REG_DWORD" value="00000000"/></Registry>
</RegistrySettings>
