<BackupInst xmlns="http://www.microsoft.com/GroupPolicy/GPOOperations/Manifest"><GPOGuid><![CDATA[{BF5F441D-3A1A-46B7-B4E8-B9D0A31828EC}]]></GPOGuid><GPODomain><![CDATA[expoeps.onmicrosoft.com]]></GPODomain><GPODomainGuid><![CDATA[{711884ca-e39f-4d9c-984a-e8e755a8bc38}]]></GPODomainGuid><GPODomainController><![CDATA[WZEI66XIE4O8EBZ.expoeps.onmicrosoft.com]]></GPODomainController><BackupTime><![CDATA[2021-03-07T15:28:07]]></BackupTime><ID><![CDATA[{2002313C-71EE-48B8-835C-7DFFDB3A8927}]]></ID><Comment><![CDATA[WVD - FSLogix Office Containers]]></Comment><GPODisplayName><![CDATA[WVD - FSLogix Office Containers]]></GPODisplayName></BackupInst>
