<Backups xmlns="http://www.microsoft.com/GroupPolicy/GPOOperations/Manifest" xmlns:mfst="http://www.microsoft.com/GroupPolicy/GPOOperations/Manifest" mfst:version="1.0"><BackupInst><GPOGuid><![CDATA[{8477E2D7-E135-40FB-866B-E39A72CF2943}]]></GPOGuid><GPODomain><![CDATA[expoeps.onmicrosoft.com]]></GPODomain><GPODomainGuid><![CDATA[{711884ca-e39f-4d9c-984a-e8e755a8bc38}]]></GPODomainGuid><GPODomainController><![CDATA[WZEI66XIE4O8EBZ.expoeps.onmicrosoft.com]]></GPODomainController><BackupTime><![CDATA[2021-03-07T14:14:55]]></BackupTime><ID><![CDATA[{C4BEAD9C-F747-4A2C-BD99-F210660DCDFF}]]></ID><Comment><![CDATA[WVD - Microsoft OneDrive for Business]]></Comment><GPODisplayName><![CDATA[WVD - Microsoft OneDrive for Business]]></GPODisplayName></BackupInst></Backups>