<Backups xmlns="http://www.microsoft.com/GroupPolicy/GPOOperations/Manifest" xmlns:mfst="http://www.microsoft.com/GroupPolicy/GPOOperations/Manifest" mfst:version="1.0"><BackupInst><GPOGuid><![CDATA[{6338ED12-F68C-4BE2-845A-99344F1EC9C4}]]></GPOGuid><GPODomain><![CDATA[expoeps.onmicrosoft.com]]></GPODomain><GPODomainGuid><![CDATA[{711884ca-e39f-4d9c-984a-e8e755a8bc38}]]></GPODomainGuid><GPODomainController><![CDATA[WZEI66XIE4O8EBZ.expoeps.onmicrosoft.com]]></GPODomainController><BackupTime><![CDATA[2021-03-12T10:16:15]]></BackupTime><ID><![CDATA[{C93FCB19-7B6F-4A86-9F6E-D1EFF8DDA718}]]></ID><Comment><![CDATA[WVD - Web Browsers]]></Comment><GPODisplayName><![CDATA[WVD - Web Browsers]]></GPODisplayName></BackupInst></Backups>